Id,Apartment,Society,Location,Price,Price/sqft,SqftArea,Construction_Status,Year's Old,bathrooms,type of property
0,2 BHK Apartment,None,Baruipur, 32 L,"3,265 / sq ft",980,Ready to move,None,2 Bathrooms,Resale 
1,2 BHK Apartment,None,Garia, 36 L,"4,645 / sq ft",775,Ready to move,None,2 Bathrooms,Resale 
2,2 BHK Independent Floor,None,Baranagar, 24 L,"3,243 / sq ft",740,Ready to move,None,1 Bathrooms,Resale 
3,1 BHK Apartment,None,Garia, 30 L,"5,859 / sq ft",512,Ready to move,None,1 Bathrooms,Resale 
4,2 BHK Apartment,None,Dhakuria, 1.14 Cr,"10,654 / sq ft",1070,Ready to move,None,2 Bathrooms,Resale 
5,3 BHK Apartment,Rajwada Emeralds,Narendrapur, 68 L,"5,151 / sq ft",1320,Ready to move,4 - 5 years old,2 Bathrooms,Resale 
6,3 BHK Apartment,None,Bramhapur, 35 L,"2,536 / sq ft",1380,Ready to move,6 - 7 years old,2 Bathrooms,Resale 
7,3 BHK Independent House,None,south dum dum, 85 L,"4,250 / sq ft",2000,Ready to move,7 - 8 years old,2 Bathrooms,Resale 
8,2 BHK Apartment,None,Uttarpara Kotrung, 20 L,"2,702 / sq ft",740,Ready to move,None,1 Bathrooms,Resale 
9,2 BHK Apartment,None,New Town, 35 L,"4,046 / sq ft",865,Ready to move,None,2 Bathrooms,Resale 
10,6 BHK Independent House,None,Tollygunge, 75 L,"3,000 / sq ft",2500,Ready to move,None,6 Bathrooms,Resale 
11,2 BHK Apartment,None,Garia, 41 L,"4,480 / sq ft",915,Ready to move,None,2 Bathrooms,Resale 
12,3 BHK Apartment,None,Jadavpur, 55 L,"4,435 / sq ft",1240,Ready to move,None,3 Bathrooms,Resale 
13,2 BHK Apartment,None,Patuli, 50 L,"5,452 / sq ft",917,Ready to move,None,2 Bathrooms,Resale 
14,Residential Plot,Debrupayan Nagar,Sodepur, 13 L,902 / sq ft,1440,Resale,3 - 4 years old,None,None
15,4 BHK Independent House,None,Gariahat, 2.5 Cr,"10,000 / sq ft",2500,Ready to move,None,5 Bathrooms,Resale 
16,3 BHK Apartment,None,Howrah Railway Station, 1.05 Cr,"7,425 / sq ft",1414,Ready to move,6 - 7 years old,2 Bathrooms,Resale 
17,3 BHK Apartment,None,Serampore, 27 L,"2,518 / sq ft",1072,Ready to move,None,3 Bathrooms,Resale 
18,7 BHK Villa,None,Budge Budge, 3 Cr,"7,894 / sq ft",3800,Ready to move,None,5 Bathrooms,Resale 
19,2 BHK Apartment,None,Garden Reach, 15.55 L,"2,828 / sq ft",550,Ready to move,6 - 7 years old,1 Bathrooms,Resale 
20,2 BHK Apartment,None,Behala, 38 L,"4,935 / sq ft",770,Ready to move,None,1 Bathrooms,Resale 
21,2 BHK Apartment,None,Behala, 22 L,"3,098 / sq ft",710,Ready to move,None,2 Bathrooms,Resale 
22,3 BHK Apartment,Sheltercon Arunoday,Nayabad, 58 L,"4,531 / sq ft",1280,Ready to move,None,2 Bathrooms,Resale 
23,2 BHK Apartment,Reputed Builder Bally Ganga Apratments,Bally, 45 L,"4,090 / sq ft",1100,Ready to move,4 - 5 years old,2 Bathrooms,Resale 
24,2 BHK Apartment,Reputed Builder Dumdum plaza,south dum dum, 26 L,"4,727 / sq ft",550,Ready to move,4 - 5 years old,1 Bathrooms,Resale 
25,2 BHK Apartment,Avidipta Avidipta,Santoshpur, 1.35 Cr,"10,522 / sq ft",1283,Ready to move,7 - 8 years old,2 Bathrooms,Resale 
26,Residential Plot,None,Jodhpur Park, 85 L,"5,862 / sq ft",1450,Resale,None,None,None
27,3 BHK Apartment,Srijan Ozone,Narendrapur, 1.8 Cr,"11,271 / sq ft",1597,Ready to move,0 - 1 year old,3 Bathrooms,Resale 
28,2 BHK Apartment,DTC Southern Heights,Joka, 56 L,"5,957 / sq ft",940,Ready to move,None,2 Bathrooms,Resale 
29,2 BHK Independent House,None,Madhyamgram, 45 L,"3,202 / sq ft",1405,Ready to move,None,2 Bathrooms,Resale 
30,2 BHK Apartment,None,Kaikhali, 32 L,"3,575 / sq ft",895,Ready to move,None,2 Bathrooms,Resale 
31,2 BHK Apartment,SK Royal Complex,Uttarpara Kotrung, 32 L,"3,516 / sq ft",910,Ready to move,7 - 8 years old,2 Bathrooms,Resale 
32,2 BHK Independent House,None,Barasat, 16 L,"1,111 / sq ft",1440,Ready to move,None,2 Bathrooms,Resale 
33,2 BHK Independent House,None,Sarsuna, 40 L,"2,247 / sq ft",1780,Ready to move,None,2 Bathrooms,Resale 
34,3 BHK Apartment,None,Barrackpore, 34 L,"3,683 / sq ft",923,Ready to move,None,2 Bathrooms,Resale 
35,2 BHK Apartment,None,Kasba, 32 L,"4,210 / sq ft",760,Ready to move,None,1 Bathrooms,Resale 
36,2 BHK Apartment,None,Barisha Purba Para Road, 30 L,"3,448 / sq ft",870,Ready to move,6 - 7 years old,2 Bathrooms,Resale 
37,2 BHK Apartment,Sweet Sinjini Apartment,Rajarhat, 26 L,"3,421 / sq ft",760,Ready to move,9 - 10 years old,2 Bathrooms,Resale 
38,2 BHK Apartment,None,Tollygunge, 32 L,"4,481 / sq ft",714,Ready to move,None,2 Bathrooms,Resale 
39,2 BHK Apartment,None,Birati, 35 L,"4,861 / sq ft",720,Ready to move,None,2 Bathrooms,Resale 
40,1 BHK Apartment,Srijan Star Srijan Swapno Puron Phase II,Amtala, 16.1 L,"3,642 / sq ft",442,Ready to move,1 year old,None,New 
41,2 BHK Apartment,Srijan Star Srijan Swapno Puron Phase II,Amtala, 22.67 L,"3,638 / sq ft",623,Ready to move,1 year old,2 Bathrooms,New 
42,3 BHK Apartment,Srijan Star Srijan Swapno Puron Phase II,Amtala, 34.1 L,"3,616 / sq ft",943,Ready to move,1 year old,2 Bathrooms,New 
43,2 BHK Apartment,Srijan Star Srijan Swapno Puron Phase II,Amtala, 19.1 L,"3,687 / sq ft",518,Ready to move,1 year old,1 Bathrooms,New 
44,2 BHK Apartment,Siddha Suburbia,Narendrapur, 55 L,"5,308 / sq ft",1036,Ready to move,2 - 3 years old,2 Bathrooms,New 
45,2 BHK Apartment,Silver Vista,Lake Town, 63 L,"5,250 / sq ft",1200,Ready to move,0 - 1 year old,None,New 
46,3 BHK Apartment,Silver Vista,Lake Town, 73.5 L,"5,250 / sq ft",1400,Ready to move,0 - 1 year old,3 Bathrooms,New 
47,2 BHK Apartment,None,Sarsuna, 23 L,"3,066 / sq ft",750,Ready to move,None,2 Bathrooms,Resale 
48,3 BHK Apartment,Citadel Silver Space,Madhyamgram, 68 L,"5,070 / sq ft",1341,Ready to move,5 - 6 years old,2 Bathrooms,Resale 
49,Residential Plot,Amtala City,Amtala, 9.99 L,555 / sq ft,1800,New,0 - 1 year old,None,None
50,Residential Plot,Amtala City,Amtala, 7.99 L,555 / sq ft,1440,New,0 - 1 year old,None,None
51,Residential Plot,Amtala City,Amtala, 3.99 L,555 / sq ft,720,New,0 - 1 year old,None,None
52,3 BHK Apartment,Shriram Grand City Grand One,Uttarpara Kotrung, 42 L,"3,750 / sq ft",1120,Ready to move,0 - 1 year old,2 Bathrooms,Resale 
53,2 BHK Apartment,None,Topsia, 16 L,"2,222 / sq ft",720,Ready to move,None,2 Bathrooms,Resale 
54,3 BHK Apartment,Rajwada Emeralds,Narendrapur, 68 L,"5,151 / sq ft",1320,Ready to move,4 - 5 years old,2 Bathrooms,Resale 
55,3 BHK Apartment,Rajwada Emeralds,Narendrapur, 68 L,"5,151 / sq ft",1320,Ready to move,4 - 5 years old,2 Bathrooms,Resale 
56,3 BHK Apartment,Rajwada Emeralds,Narendrapur, 68 L,"5,151 / sq ft",1320,Ready to move,4 - 5 years old,2 Bathrooms,Resale 
57,3 BHK Apartment,Rajwada Emeralds,Narendrapur, 68 L,"5,151 / sq ft",1320,Ready to move,4 - 5 years old,2 Bathrooms,Resale 
58,2 BHK Apartment,None,Dhakuria, 1.05 Cr,"9,813 / sq ft",1070,Ready to move,None,2 Bathrooms,Resale 
59,2 BHK Apartment,None,Dhakuria, 1.05 Cr,"9,813 / sq ft",1070,Ready to move,None,2 Bathrooms,Resale 
60,2 BHK Apartment,None,Dhakuria, 1.05 Cr,"9,813 / sq ft",1070,Ready to move,None,2 Bathrooms,Resale 
61,2 BHK Apartment,None,Dhakuria, 1.05 Cr,"9,813 / sq ft",1070,Ready to move,None,2 Bathrooms,Resale 
62,2 BHK Apartment,None,Dhakuria, 1.05 Cr,"9,813 / sq ft",1070,Ready to move,None,2 Bathrooms,Resale 
63,3 BHK Apartment,None,Bramhapur, 35 L,"2,536 / sq ft",1380,Ready to move,6 - 7 years old,2 Bathrooms,Resale 
64,2 BHK Apartment,None,New Town, 35 L,"4,046 / sq ft",865,Ready to move,None,2 Bathrooms,Resale 
65,6 BHK Independent House,None,Tollygunge, 75 L,"3,000 / sq ft",2500,Ready to move,None,6 Bathrooms,Resale 
66,3 BHK Apartment,None,Bramhapur, 35 L,"2,536 / sq ft",1380,Ready to move,6 - 7 years old,2 Bathrooms,Resale 
67,2 BHK Apartment,None,Garia, 41 L,"4,480 / sq ft",915,Ready to move,None,2 Bathrooms,Resale 
68,6 BHK Independent House,None,Tollygunge, 75 L,"3,000 / sq ft",2500,Ready to move,None,6 Bathrooms,Resale 
69,2 BHK Apartment,None,Garia, 41 L,"4,480 / sq ft",915,Ready to move,None,2 Bathrooms,Resale 
70,6 BHK Independent House,None,Tollygunge, 75 L,"3,000 / sq ft",2500,Ready to move,None,6 Bathrooms,Resale 
71,2 BHK Apartment,None,Garia, 41 L,"4,480 / sq ft",915,Ready to move,None,2 Bathrooms,Resale 
72,3 BHK Apartment,None,Bramhapur, 35 L,"2,536 / sq ft",1380,Ready to move,6 - 7 years old,2 Bathrooms,Resale 
73,2 BHK Apartment,None,New Town, 35 L,"4,046 / sq ft",865,Ready to move,None,2 Bathrooms,Resale 
74,3 BHK Apartment,Rajwada Emeralds,Narendrapur, 68 L,"5,151 / sq ft",1320,Ready to move,4 - 5 years old,2 Bathrooms,Resale 
75,6 BHK Independent House,None,Tollygunge, 75 L,"3,000 / sq ft",2500,Ready to move,None,6 Bathrooms,Resale 
76,2 BHK Apartment,None,Garia, 41 L,"4,480 / sq ft",915,Ready to move,None,2 Bathrooms,Resale 
77,2 BHK Apartment,None,Garia, 41 L,"4,480 / sq ft",915,Ready to move,None,2 Bathrooms,Resale 
78,3 BHK Apartment,None,Bramhapur, 35 L,"2,536 / sq ft",1380,Ready to move,6 - 7 years old,2 Bathrooms,Resale 
79,2 BHK Apartment,None,Garia, 41 L,"4,480 / sq ft",915,Ready to move,None,2 Bathrooms,Resale 
80,2 BHK Apartment,None,Garia, 41 L,"4,480 / sq ft",915,Ready to move,None,2 Bathrooms,Resale 
81,3 BHK Apartment,None,Bramhapur, 35 L,"2,536 / sq ft",1380,Ready to move,6 - 7 years old,2 Bathrooms,Resale 
82,2 BHK Apartment,None,New Town, 35 L,"4,046 / sq ft",865,Ready to move,None,2 Bathrooms,Resale 
83,6 BHK Independent House,None,Tollygunge, 75 L,"3,000 / sq ft",2500,Ready to move,None,6 Bathrooms,Resale 
84,2 BHK Apartment,None,Garia, 41 L,"4,480 / sq ft",915,Ready to move,None,2 Bathrooms,Resale 
85,3 BHK Apartment,None,Bramhapur, 35 L,"2,536 / sq ft",1380,Ready to move,6 - 7 years old,2 Bathrooms,Resale 
86,2 BHK Apartment,None,New Town, 35 L,"4,046 / sq ft",865,Ready to move,None,2 Bathrooms,Resale 
87,6 BHK Independent House,None,Tollygunge, 75 L,"3,000 / sq ft",2500,Ready to move,None,6 Bathrooms,Resale 
88,2 BHK Apartment,None,Garia, 41 L,"4,480 / sq ft",915,Ready to move,None,2 Bathrooms,Resale 
89,3 BHK Apartment,None,Bramhapur, 35 L,"2,536 / sq ft",1380,Ready to move,6 - 7 years old,2 Bathrooms,Resale 
90,2 BHK Apartment,None,New Town, 35 L,"4,046 / sq ft",865,Ready to move,None,2 Bathrooms,Resale 
91,2 BHK Apartment,None,New Town, 35 L,"4,046 / sq ft",865,Ready to move,None,2 Bathrooms,Resale 
92,2 BHK Apartment,None,Garia, 41 L,"4,480 / sq ft",915,Ready to move,None,2 Bathrooms,Resale 
93,2 BHK Apartment,None,New Town, 35 L,"4,046 / sq ft",865,Ready to move,None,2 Bathrooms,Resale 
94,3 BHK Independent House,None,North Dumdum, 85 L,"4,250 / sq ft",2000,Ready to move,6 - 7 years old,3 Bathrooms,Resale 
95,2 BHK Apartment,None,New Town, 35 L,"4,046 / sq ft",865,Ready to move,None,2 Bathrooms,Resale 
96,2 BHK Apartment,None,New Town, 35 L,"4,046 / sq ft",865,Ready to move,None,2 Bathrooms,Resale 
97,2 BHK Apartment,None,Garia, 41 L,"4,480 / sq ft",915,Ready to move,None,2 Bathrooms,Resale 
98,2 BHK Apartment,None,Patuli, 50 L,"5,452 / sq ft",917,Ready to move,None,2 Bathrooms,Resale 
99,3 BHK Apartment,None,Jadavpur, 55 L,"4,435 / sq ft",1240,Ready to move,None,3 Bathrooms,Resale 
100,2 BHK Apartment,None,New Town, 35 L,"4,046 / sq ft",865,Ready to move,None,2 Bathrooms,Resale 
101,2 BHK Apartment,None,Garia, 41 L,"4,480 / sq ft",915,Ready to move,None,2 Bathrooms,Resale 
102,2 BHK Apartment,None,Patuli, 50 L,"5,452 / sq ft",917,Ready to move,None,2 Bathrooms,Resale 
103,2 BHK Apartment,None,New Town, 35 L,"4,046 / sq ft",865,Ready to move,None,2 Bathrooms,Resale 
104,2 BHK Apartment,None,New Town, 35 L,"4,046 / sq ft",865,Ready to move,None,2 Bathrooms,Resale 
105,2 BHK Apartment,None,Garia, 41 L,"4,480 / sq ft",915,Ready to move,None,2 Bathrooms,Resale 
106,3 BHK Apartment,None,Jadavpur, 55 L,"4,435 / sq ft",1240,Ready to move,None,3 Bathrooms,Resale 
107,2 BHK Apartment,None,Patuli, 50 L,"5,452 / sq ft",917,Ready to move,None,2 Bathrooms,Resale 
108,2 BHK Apartment,None,Patuli, 50 L,"5,452 / sq ft",917,Ready to move,None,2 Bathrooms,Resale 
109,2 BHK Apartment,None,Garia, 41 L,"4,480 / sq ft",915,Ready to move,None,2 Bathrooms,Resale 
110,3 BHK Independent House,None,North Dumdum, 85 L,"4,250 / sq ft",2000,Ready to move,6 - 7 years old,3 Bathrooms,Resale 
111,2 BHK Apartment,None,New Town, 35 L,"4,046 / sq ft",865,Ready to move,None,2 Bathrooms,Resale 
112,2 BHK Apartment,None,Garia, 41 L,"4,480 / sq ft",915,Ready to move,None,2 Bathrooms,Resale 
113,2 BHK Apartment,None,New Town, 35 L,"4,046 / sq ft",865,Ready to move,None,2 Bathrooms,Resale 
114,3 BHK Apartment,None,Jadavpur, 55 L,"4,435 / sq ft",1240,Ready to move,None,3 Bathrooms,Resale 
115,2 BHK Apartment,None,New Town, 35 L,"4,046 / sq ft",865,Ready to move,None,2 Bathrooms,Resale 
116,2 BHK Apartment,None,New Town, 35 L,"4,046 / sq ft",865,Ready to move,None,2 Bathrooms,Resale 
117,2 BHK Apartment,None,Patuli, 50 L,"5,452 / sq ft",917,Ready to move,None,2 Bathrooms,Resale 
118,2 BHK Apartment,None,Garia, 41 L,"4,480 / sq ft",915,Ready to move,None,2 Bathrooms,Resale 
119,2 BHK Apartment,None,Patuli, 50 L,"5,452 / sq ft",917,Ready to move,None,2 Bathrooms,Resale 
120,2 BHK Apartment,None,Patuli, 50 L,"5,452 / sq ft",917,Ready to move,None,2 Bathrooms,Resale 
121,2 BHK Apartment,None,New Town, 35 L,"4,046 / sq ft",865,Ready to move,None,2 Bathrooms,Resale 
122,2 BHK Apartment,None,New Town, 35 L,"4,046 / sq ft",865,Ready to move,None,2 Bathrooms,Resale 
123,2 BHK Apartment,None,New Town, 35 L,"4,046 / sq ft",865,Ready to move,None,2 Bathrooms,Resale 
124,2 BHK Apartment,None,Garia, 41 L,"4,480 / sq ft",915,Ready to move,None,2 Bathrooms,Resale 
125,2 BHK Apartment,None,Garia, 41 L,"4,480 / sq ft",915,Ready to move,None,2 Bathrooms,Resale 
126,2 BHK Apartment,None,New Town, 35 L,"4,046 / sq ft",865,Ready to move,None,2 Bathrooms,Resale 
127,2 BHK Apartment,None,Garia, 41 L,"4,480 / sq ft",915,Ready to move,None,2 Bathrooms,Resale 
128,4 BHK Independent House,None,Gariahat, 2.5 Cr,"10,000 / sq ft",2500,Ready to move,None,5 Bathrooms,Resale 
129,3 BHK Independent House,None,North Dumdum, 85 L,"4,250 / sq ft",2000,Ready to move,6 - 7 years old,3 Bathrooms,Resale 
130,3 BHK Apartment,None,Jadavpur, 55 L,"4,435 / sq ft",1240,Ready to move,None,3 Bathrooms,Resale 
131,3 BHK Apartment,None,Jadavpur, 55 L,"4,435 / sq ft",1240,Ready to move,None,3 Bathrooms,Resale 
132,4 BHK Independent House,None,Gariahat, 2.5 Cr,"10,000 / sq ft",2500,Ready to move,None,5 Bathrooms,Resale 
133,3 BHK Independent House,None,North Dumdum, 85 L,"4,250 / sq ft",2000,Ready to move,6 - 7 years old,3 Bathrooms,Resale 
134,3 BHK Apartment,None,Jadavpur, 55 L,"4,435 / sq ft",1240,Ready to move,None,3 Bathrooms,Resale 
135,3 BHK Apartment,None,Jadavpur, 55 L,"4,435 / sq ft",1240,Ready to move,None,3 Bathrooms,Resale 
136,2 BHK Apartment,None,Garia, 41 L,"4,480 / sq ft",915,Ready to move,None,2 Bathrooms,Resale 
137,2 BHK Apartment,None,Patuli, 50 L,"5,452 / sq ft",917,Ready to move,None,2 Bathrooms,Resale 
138,3 BHK Apartment,None,Jadavpur, 55 L,"4,435 / sq ft",1240,Ready to move,None,3 Bathrooms,Resale 
139,3 BHK Apartment,None,Jadavpur, 55 L,"4,435 / sq ft",1240,Ready to move,None,3 Bathrooms,Resale 
140,2 BHK Apartment,None,Patuli, 50 L,"5,452 / sq ft",917,Ready to move,None,2 Bathrooms,Resale 
141,3 BHK Apartment,None,Jadavpur, 55 L,"4,435 / sq ft",1240,Ready to move,None,3 Bathrooms,Resale 
142,3 BHK Apartment,None,Jadavpur, 55 L,"4,435 / sq ft",1240,Ready to move,None,3 Bathrooms,Resale 
143,2 BHK Apartment,None,New Town, 35 L,"4,046 / sq ft",865,Ready to move,None,2 Bathrooms,Resale 
144,2 BHK Apartment,Magnolia Elanza,New Town, 37 L,"4,277 / sq ft",865,Ready to move,8 - 9 years old,2 Bathrooms,Resale 
145,3 BHK Independent House,None,North Dumdum, 85 L,"4,250 / sq ft",2000,Ready to move,6 - 7 years old,3 Bathrooms,Resale 
146,2 BHK Apartment,None,New Town, 35 L,"4,046 / sq ft",865,Ready to move,None,2 Bathrooms,Resale 
147,3 BHK Apartment,None,Jadavpur, 55 L,"4,435 / sq ft",1240,Ready to move,None,3 Bathrooms,Resale 
148,4 BHK Independent House,None,Gariahat, 2.5 Cr,"10,000 / sq ft",2500,Ready to move,None,5 Bathrooms,Resale 
149,2 BHK Apartment,None,Garia, 41 L,"4,480 / sq ft",915,Ready to move,None,2 Bathrooms,Resale 
150,3 BHK Apartment,None,Jadavpur, 55 L,"4,435 / sq ft",1240,Ready to move,None,3 Bathrooms,Resale 
151,2 BHK Apartment,None,Garia, 41 L,"4,480 / sq ft",915,Ready to move,None,2 Bathrooms,Resale 
152,3 BHK Apartment,None,Jadavpur, 55 L,"4,435 / sq ft",1240,Ready to move,None,3 Bathrooms,Resale 
153,4 BHK Independent House,None,Gariahat, 2.5 Cr,"10,000 / sq ft",2500,Ready to move,None,5 Bathrooms,Resale 
154,3 BHK Independent House,None,North Dumdum, 85 L,"4,250 / sq ft",2000,Ready to move,6 - 7 years old,3 Bathrooms,Resale 
155,Residential Plot,Debrupayan Nagar,Sodepur, 13 L,902 / sq ft,1440,Resale,3 - 4 years old,None,None
156,Residential Plot,Debrupayan Nagar,Sodepur, 13 L,902 / sq ft,1440,Resale,3 - 4 years old,None,None
157,4 BHK Independent House,None,Gariahat, 2.5 Cr,"10,000 / sq ft",2500,Ready to move,None,5 Bathrooms,Resale 
158,4 BHK Independent House,None,Gariahat, 2.5 Cr,"10,000 / sq ft",2500,Ready to move,None,5 Bathrooms,Resale 
159,3 BHK Apartment,None,Howrah Railway Station, 1.05 Cr,"7,425 / sq ft",1414,Ready to move,6 - 7 years old,2 Bathrooms,Resale 
160,3 BHK Apartment,None,Howrah Railway Station, 1.05 Cr,"7,425 / sq ft",1414,Ready to move,6 - 7 years old,2 Bathrooms,Resale 
161,3 BHK Apartment,None,Howrah Railway Station, 1.05 Cr,"7,425 / sq ft",1414,Ready to move,6 - 7 years old,2 Bathrooms,Resale 
162,4 BHK Independent House,None,Gariahat, 2.5 Cr,"10,000 / sq ft",2500,Ready to move,None,5 Bathrooms,Resale 
163,4 BHK Independent House,None,Gariahat, 2.5 Cr,"10,000 / sq ft",2500,Ready to move,None,5 Bathrooms,Resale 
164,3 BHK Apartment,None,Howrah Railway Station, 1.05 Cr,"7,425 / sq ft",1414,Ready to move,6 - 7 years old,2 Bathrooms,Resale 
165,4 BHK Independent House,None,Gariahat, 2.5 Cr,"10,000 / sq ft",2500,Ready to move,None,5 Bathrooms,Resale 
166,3 BHK Apartment,None,Howrah Railway Station, 1.05 Cr,"7,425 / sq ft",1414,Ready to move,6 - 7 years old,2 Bathrooms,Resale 
167,3 BHK Apartment,None,Serampore, 27 L,"2,518 / sq ft",1072,Ready to move,None,3 Bathrooms,Resale 
168,3 BHK Apartment,None,Howrah Railway Station, 1.05 Cr,"7,425 / sq ft",1414,Ready to move,6 - 7 years old,2 Bathrooms,Resale 
169,3 BHK Apartment,None,Jadavpur, 55 L,"4,435 / sq ft",1240,Ready to move,None,3 Bathrooms,Resale 
170,2 BHK Apartment,None,Garia, 41 L,"4,480 / sq ft",915,Ready to move,None,2 Bathrooms,Resale 
171,3 BHK Apartment,None,Howrah Railway Station, 1.05 Cr,"7,425 / sq ft",1414,Ready to move,6 - 7 years old,2 Bathrooms,Resale 
172,3 BHK Apartment,None,Serampore, 27 L,"2,518 / sq ft",1072,Ready to move,None,3 Bathrooms,Resale 
173,4 BHK Independent House,None,Gariahat, 2.5 Cr,"10,000 / sq ft",2500,Ready to move,None,5 Bathrooms,Resale 
174,3 BHK Apartment,None,Howrah Railway Station, 1.05 Cr,"7,425 / sq ft",1414,Ready to move,6 - 7 years old,2 Bathrooms,Resale 
175,3 BHK Apartment,None,Serampore, 27 L,"2,518 / sq ft",1072,Ready to move,None,3 Bathrooms,Resale 
176,3 BHK Apartment,None,Howrah Railway Station, 1.05 Cr,"7,425 / sq ft",1414,Ready to move,6 - 7 years old,2 Bathrooms,Resale 
177,3 BHK Apartment,None,Serampore, 27 L,"2,518 / sq ft",1072,Ready to move,None,3 Bathrooms,Resale 
178,7 BHK Villa,None,Budge Budge, 3 Cr,"7,894 / sq ft",3800,Ready to move,None,5 Bathrooms,Resale 
179,7 BHK Villa,None,Budge Budge, 3 Cr,"7,894 / sq ft",3800,Ready to move,None,5 Bathrooms,Resale 
180,3 BHK Apartment,None,Serampore, 27 L,"2,518 / sq ft",1072,Ready to move,None,3 Bathrooms,Resale 
181,3 BHK Apartment,None,Serampore, 27 L,"2,518 / sq ft",1072,Ready to move,None,3 Bathrooms,Resale 
182,4 BHK Independent House,None,Gariahat, 2.5 Cr,"10,000 / sq ft",2500,Ready to move,None,5 Bathrooms,Resale 
183,4 BHK Independent House,None,Gariahat, 2.5 Cr,"10,000 / sq ft",2500,Ready to move,None,5 Bathrooms,Resale 
184,7 BHK Villa,None,Budge Budge, 3 Cr,"7,894 / sq ft",3800,Ready to move,None,5 Bathrooms,Resale 
185,7 BHK Villa,None,Budge Budge, 3 Cr,"7,894 / sq ft",3800,Ready to move,None,5 Bathrooms,Resale 
186,7 BHK Villa,None,Budge Budge, 3 Cr,"7,894 / sq ft",3800,Ready to move,None,5 Bathrooms,Resale 
187,7 BHK Villa,None,Budge Budge, 3 Cr,"7,894 / sq ft",3800,Ready to move,None,5 Bathrooms,Resale 
188,7 BHK Villa,None,Budge Budge, 3 Cr,"7,894 / sq ft",3800,Ready to move,None,5 Bathrooms,Resale 
189,3 BHK Apartment,None,Serampore, 27 L,"2,518 / sq ft",1072,Ready to move,None,3 Bathrooms,Resale 
190,7 BHK Villa,None,Budge Budge, 3 Cr,"7,894 / sq ft",3800,Ready to move,None,5 Bathrooms,Resale 
191,3 BHK Apartment,None,Serampore, 27 L,"2,518 / sq ft",1072,Ready to move,None,3 Bathrooms,Resale 
192,3 BHK Apartment,None,Serampore, 27 L,"2,518 / sq ft",1072,Ready to move,None,3 Bathrooms,Resale 
193,2 BHK Apartment,None,Garden Reach, 15.55 L,"2,828 / sq ft",550,Ready to move,6 - 7 years old,1 Bathrooms,Resale 
194,7 BHK Villa,None,Budge Budge, 3 Cr,"7,894 / sq ft",3800,Ready to move,None,5 Bathrooms,Resale 
195,2 BHK Apartment,None,Behala, 38 L,"4,935 / sq ft",770,Ready to move,None,2 Bathrooms,Resale 
196,7 BHK Villa,None,Budge Budge, 3 Cr,"7,894 / sq ft",3800,Ready to move,None,5 Bathrooms,Resale 
197,3 BHK Apartment,None,Serampore, 27 L,"2,518 / sq ft",1072,Ready to move,None,3 Bathrooms,Resale 
198,7 BHK Villa,None,Budge Budge, 3 Cr,"7,894 / sq ft",3800,Ready to move,None,5 Bathrooms,Resale 
199,2 BHK Apartment,None,Garden Reach, 15.55 L,"2,828 / sq ft",550,Ready to move,6 - 7 years old,1 Bathrooms,Resale 
200,3 BHK Apartment,None,Serampore, 27 L,"2,518 / sq ft",1072,Ready to move,None,3 Bathrooms,Resale 
201,7 BHK Villa,None,Budge Budge, 3 Cr,"7,894 / sq ft",3800,Ready to move,None,5 Bathrooms,Resale 
202,2 BHK Apartment,None,south dum dum, 23 L,"4,181 / sq ft",550,Ready to move,7 - 8 years old,1 Bathrooms,Resale 
203,Residential Plot,None,Jodhpur Park, 85 L,"5,862 / sq ft",1450,Resale,None,None,None
204,Residential Plot,None,Jodhpur Park, 85 L,"5,862 / sq ft",1450,Resale,None,None,None
205,Residential Plot,None,Jodhpur Park, 85 L,"5,862 / sq ft",1450,Resale,None,None,None
206,Residential Plot,None,Jodhpur Park, 85 L,"5,862 / sq ft",1450,Resale,None,None,None
207,Residential Plot,None,Jodhpur Park, 85 L,"5,862 / sq ft",1450,Resale,None,None,None
208,Residential Plot,None,Jodhpur Park, 85 L,"5,862 / sq ft",1450,Resale,None,None,None
209,2 BHK Apartment,None,Salkia, 29 L,"3,625 / sq ft",800,Ready to move,None,1 Bathrooms,Resale 
210,2 BHK Apartment,None,Salkia, 31 L,"4,696 / sq ft",660,Ready to move,None,1 Bathrooms,Resale 
211,3 BHK Apartment,Rajwada Heights,Narendrapur, 69 L,"5,036 / sq ft",1370,Ready to move,8 - 9 years old,2 Bathrooms,Resale 
212,1 RK Studio Apartment,Independent Independent House,Maheshtala, 6 L,"3,000 / sq ft",200,Ready to move,10 - 11 years old,1 Bathrooms,Resale 
213,2 BHK Independent Floor,None,Ballygunge, 50 L,"6,666 / sq ft",750,Ready to move,None,2 Bathrooms,Resale 
214,2 BHK Apartment,None,Barisha Purba Para Road, 26 L,"3,421 / sq ft",760,Ready to move,6 - 7 years old,2 Bathrooms,Resale 
215,3 BHK Independent Floor,None,Birati, 35 L,"3,219 / sq ft",1087,Ready to move,None,3 Bathrooms,Resale 
216,1 BHK Apartment,None,New Town, 16 L,"4,000 / sq ft",400,Ready to move,None,1 Bathrooms,Resale 
217,3 BHK Apartment,BG Bally Imperia,Howrah, 59 L,"5,244 / sq ft",1125,Ready to move,3 - 4 years old,2 Bathrooms,Resale 
218,3 BHK Apartment,None,Birati, 32 L,"2,943 / sq ft",1087,Ready to move,None,2 Bathrooms,Resale 
219,1 BHK Apartment,None,New Town, 16 L,"4,000 / sq ft",400,Ready to move,None,1 Bathrooms,Resale 
220,1 BHK Apartment,None,New Town, 16 L,"4,000 / sq ft",400,Ready to move,None,1 Bathrooms,Resale 
221,3 BHK Independent Floor,None,Uttarpara Kotrung, 30 L,"2,727 / sq ft",1100,Ready to move,None,3 Bathrooms,Resale 
222,3 BHK Apartment,BG Bally Imperia,Howrah, 70 L,"6,222 / sq ft",1125,Ready to move,3 - 4 years old,2 Bathrooms,Resale 
223,2 BHK Independent Floor,None,Ballygunge, 50 L,"6,666 / sq ft",750,Ready to move,None,2 Bathrooms,Resale 
224,3 BHK Apartment,South City Garden,Behala, 90 L,"9,473 / sq ft",950,Ready to move,11 - 12 years old,3 Bathrooms,Resale 
225,3 BHK Apartment,None,Duillya, 40 L,"3,333 / sq ft",1200,Ready to move,5 - 6 years old,3 Bathrooms,Resale 
226,3 BHK Apartment,Eden Solaris Bonhooghly Phase 2,Baranagar, 66 L,"6,250 / sq ft",1056,Ready to move,1 - 2 years old,3 Bathrooms,Resale 
227,3 BHK Apartment,Deeshari Megacity,Sonarpur, 51 L,"4,415 / sq ft",1155,Ready to move,5 - 6 years old,2 Bathrooms,Resale 
228,2 BHK Apartment,None,Madhyamgram, 24 L,"3,738 / sq ft",642,Ready to move,None,2 Bathrooms,Resale 
229,2 BHK Independent Floor,None,Nayabad, 36 L,"4,166 / sq ft",864,Ready to move,None,2 Bathrooms,Resale 
230,2 BHK Apartment,None,Bally, 36 L,"3,501 / sq ft",1028,Ready to move,5 - 6 years old,2 Bathrooms,Resale 
231,2 BHK Apartment,Hitech Residency,Rajarhat, 28.38 L,"3,770 / sq ft",753,Ready to move,0 - 1 year old,2 Bathrooms,Resale 
232,3 BHK Apartment,None,Kalyani, 42 L,"3,818 / sq ft",1100,Ready to move,None,2 Bathrooms,Resale 
233,4 BHK Villa,None,Sankrail, 3.7 Cr,"6,166 / sq ft",6000,Ready to move,6 - 7 years old,4 Bathrooms,Resale 
234,2 BHK Apartment,None,Baguiati, 32 L,"3,874 / sq ft",826,Ready to move,None,2 Bathrooms,Resale 
235,3 BHK Apartment,Magnolia Mulberry,New Town, 73.5 L,"6,464 / sq ft",1137,Ready to move,0 - 1 year old,2 Bathrooms,Resale 
236,2 BHK Apartment,Rohra Green Phase II,New Town, 64.99 L,"5,322 / sq ft",1221,Ready to move,0 - 1 year old,None,New 
237,3 BHK Apartment,Rohra Green Phase II,New Town, 55.99 L,"5,343 / sq ft",1048,Ready to move,0 - 1 year old,None,New 
238,2 BHK Apartment,Rohra Green Phase II,New Town, 42.73 L,"5,389 / sq ft",793,Ready to move,0 - 1 year old,None,New 
239,2 BHK Apartment,Rohra Green Phase II,New Town, 57.5 L,"5,339 / sq ft",1077,Ready to move,0 - 1 year old,None,New 
240,2 BHK Apartment,Rohra Green Phase II,New Town, 53.34 L,"5,350 / sq ft",997,Ready to move,0 - 1 year old,None,New 
241,3 BHK Apartment,Rohra Green Phase II,New Town, 60.57 L,"5,332 / sq ft",1136,Ready to move,0 - 1 year old,None,New 
242,2 BHK Apartment,None,Barisha Purba Para Road, 35 L,"4,191 / sq ft",835,Ready to move,6 - 7 years old,2 Bathrooms,Resale 
243,3 BHK Apartment,None,Dunlop, 51 L,"4,497 / sq ft",1134,Ready to move,None,3 Bathrooms,Resale 
244,2 BHK Apartment,None,New Town, 45 L,"5,000 / sq ft",900,Ready to move,None,2 Bathrooms,Resale 
245,Residential Plot,None,Rajarhat, 39 L,"2,746 / sq ft",1420,Resale,None,None,None
246,3 BHK Independent House,None,Kalighat, 1.1 Cr,"10,101 / sq ft",1089,Ready to move,None,3 Bathrooms,Resale 
247,2 BHK Independent House,None,Birati, 50 L,"5,617 / sq ft",890,Ready to move,None,2 Bathrooms,Resale 
248,2 BHK Independent Floor,None,Old Seemapuri, 33 L,"4,583 / sq ft",720,Ready to move,5 - 6 years old,2 Bathrooms,Resale 
249,5 BHK Villa,None,New Garia, 2.9 Cr,"11,600 / sq ft",2500,Ready to move,None,5 Bathrooms,Resale 
250,3 BHK Apartment,Deeshari Megacity,Sonarpur, 42 L,"4,941 / sq ft",850,Ready to move,5 - 6 years old,3 Bathrooms,Resale 
251,3 BHK Apartment,Reputed Builder Anupama Apartment,Garia, 58 L,"5,101 / sq ft",1137,Ready to move,8 - 9 years old,3 Bathrooms,Resale 
252,4 BHK Apartment,None,New Town, 1.25 Cr,"6,527 / sq ft",1915,Ready to move,None,4 Bathrooms,Resale 
253,2 BHK Apartment,None,Ballygunge, 70 L,"8,235 / sq ft",850,Ready to move,None,2 Bathrooms,Resale 
254,3 BHK Independent House,None,Rahara, 29 L,"3,148 / sq ft",921,Ready to move,7 - 8 years old,3 Bathrooms,Resale 
255,1 BHK Apartment,None,Baguiati, 14 L,"4,000 / sq ft",350,Ready to move,None,1 Bathrooms,Resale 
256,1 BHK Independent House,None,Maniktala, 80 L,"26,666 / sq ft",300,Ready to move,None,1 Bathrooms,Resale 
257,1 BHK Independent House,None,Madhyamgram, 22 L,"2,444 / sq ft",900,Ready to move,None,1 Bathrooms,Resale 
258,Residential Plot,None,Mahheshtala, 34 L,"1,180 / sq ft",2880,Resale,6 - 7 years old,None,None
259,Residential Plot,None,Sangareddy, 13.5 L,"1,000 / sq ft",1350,Resale,None,None,None
260,1 BHK Apartment,None,Santoshpur, 80 L,"10,666 / sq ft",750,Ready to move,None,1 Bathrooms,Resale 
261,2 BHK Apartment,Natural Residency,Lake Town, 55.75 L,"4,891 / sq ft",1140,Ready to move,14 - 15 years old,2 Bathrooms,Resale 
262,2 BHK Apartment,None,Mukundapur, 40 L,"5,755 / sq ft",695,Ready to move,None,2 Bathrooms,Resale 
263,2 BHK Apartment,None,Nimta, 32 L,"4,210 / sq ft",760,Ready to move,7 - 8 years old,2 Bathrooms,Resale 
264,2 BHK Apartment,Reputed Builder Purbachal Estate,Salt Lake City, 42.5 L,"5,312 / sq ft",800,Ready to move,4 - 5 years old,2 Bathrooms,Resale 
265,3 BHK Apartment,None,Sodepur, 65 L,"5,903 / sq ft",1101,Ready to move,None,2 Bathrooms,Resale 
266,3 BHK Apartment,Swaraj Homes Kallol Apartment,Netaji Nagar, 90 L,"6,666 / sq ft",1350,Ready to move,None,3 Bathrooms,Resale 
267,3 BHK Apartment,Eden Tolly Signature,Joka, 55 L,"4,716 / sq ft",1166,Ready to move,8 years old,3 Bathrooms,Resale 
268,2 BHK Apartment,None,Beliaghata, 38 L,"5,205 / sq ft",730,Ready to move,None,2 Bathrooms,Resale 
269,3 BHK Independent Floor,None,Bally, 30 L,"3,000 / sq ft",1000,Ready to move,5 - 6 years old,2 Bathrooms,Resale 
270,3 BHK Apartment,None,Behala, 1.2 Cr,"8,163 / sq ft",1470,Ready to move,None,3 Bathrooms,Resale 
271,2 BHK Apartment,None,Kanchrapara Loco, 25.5 L,"3,000 / sq ft",850,Ready to move,5 - 6 years old,2 Bathrooms,Resale 
272,4 BHK Apartment,Vedic Sanjeeva Town Bungalows,New Town, 2.99 Cr,"11,377 / sq ft",2628,Ready to move,21 - 22 years old,4 Bathrooms,Resale 
273,2 BHK Apartment,None,Khardah, 26.5 L,"2,650 / sq ft",1000,Ready to move,None,2 Bathrooms,Resale 
274,2 BHK Independent House,None,Habra, 75 L,"6,250 / sq ft",1200,Ready to move,4 - 5 years old,2 Bathrooms,Resale 
275,2 BHK Apartment,None,Bally, 29.5 L,"2,892 / sq ft",1020,Ready to move,5 - 6 years old,2 Bathrooms,Resale 
276,2 BHK Apartment,None,Tollygunge, 42 L,"5,217 / sq ft",805,Ready to move,None,2 Bathrooms,Resale 
277,2 BHK Apartment,None,Thakurpukur, 35 L,"3,684 / sq ft",950,Ready to move,None,2 Bathrooms,Resale 
278,2 BHK Apartment,Rajwada Lake Bliss,Narendrapur, 55 L,"5,365 / sq ft",1025,Ready to move,0 - 1 year old,2 Bathrooms,Resale 
279,2 BHK Independent Floor,None,Bangur avenue, 32 L,"3,357 / sq ft",953,Ready to move,7 - 8 years old,2 Bathrooms,Resale 
280,Residential Plot,SMD Fairview Township I,Uttar Gauripur, 1.6 L,111 / sq ft,1440,Resale,4 - 5 years old,None,None
281,Residential Plot,None,Garia, 7 L,933 / sq ft,750,Resale,None,None,None
282,2 BHK Apartment,None,New Town, 68 L,"7,423 / sq ft",916,Ready to move,2 - 3 years old,2 Bathrooms,Resale 
283,3 BHK Apartment,None,Nayabad, 51 L,"4,811 / sq ft",1060,Ready to move,None,2 Bathrooms,Resale 
284,3 BHK Villa,None,Rajpur, 2 Cr,"8,333 / sq ft",2400,Ready to move,None,3 Bathrooms,Resale 
285,Residential Plot,None,Behala, 1.6 Cr,"11,111 / sq ft",1440,Resale,None,None,None
286,2 BHK Apartment,None,Uttarpara Kotrung, 18 L,"2,500 / sq ft",720,Ready to move,None,2 Bathrooms,Resale 
287,2 BHK Independent Floor,None,Bansdroni, 31.08 L,"4,200 / sq ft",740,Ready to move,None,2 Bathrooms,Resale 
288,3 BHK Apartment,Ganpati Abasan 2,Sodepur, 37 L,"3,854 / sq ft",960,Ready to move,6 - 7 years old,2 Bathrooms,Resale 
289,3 BHK Apartment,None,New Town, 75 L,"5,769 / sq ft",1300,Ready to move,None,2 Bathrooms,Resale 
290,3 BHK Apartment,None,Barrackpore, 37 L,"3,303 / sq ft",1120,Ready to move,None,2 Bathrooms,Resale 
291,2 BHK Apartment,None,Kasba, 1.4 Cr,"11,914 / sq ft",1175,Ready to move,None,2 Bathrooms,Resale 
292,3 BHK Apartment,None,Howrah Railway Station, 40 L,"5,000 / sq ft",800,Ready to move,6 - 7 years old,3 Bathrooms,Resale 
293,2 BHK Apartment,None,Sodepur, 23 L,"2,777 / sq ft",828,Ready to move,None,2 Bathrooms,Resale 
294,1 BHK Apartment,None,Behala, 12 L,"3,761 / sq ft",319,Ready to move,None,1 Bathrooms,Resale 
295,2 BHK Apartment,Reputed Builder Krishna Kunj,Serampore, 31 L,"3,483 / sq ft",890,Ready to move,4 - 5 years old,2 Bathrooms,Resale 
296,1 BHK Apartment,None,Garia, 32.75 L,"5,038 / sq ft",650,Ready to move,None,1 Bathrooms,Resale 
297,3 BHK Apartment,None,Tollygunge, 1.35 Cr,"11,184 / sq ft",1207,Ready to move,None,2 Bathrooms,Resale 
298,3 BHK Apartment,None,Tollygunge, 1.35 Cr,"11,184 / sq ft",1207,Ready to move,None,2 Bathrooms,Resale 
299,3 BHK Apartment,None,Tollygunge, 1.35 Cr,"11,184 / sq ft",1207,Ready to move,None,2 Bathrooms,Resale 
300,2 BHK Apartment,None,Tollygunge, 43 L,"5,443 / sq ft",790,Ready to move,None,2 Bathrooms,Resale 
301,2 BHK Apartment,Hiland Greens,Budge Budge, 30 L,"4,213 / sq ft",712,Ready to move,3 - 4 years old,2 Bathrooms,Resale 
302,3 BHK Apartment,Reputed Builder Tripti Apartment,Behala, 48 L,"4,210 / sq ft",1140,Ready to move,18 - 19 years old,3 Bathrooms,Resale 
303,3 BHK Apartment,Sneha Garden,Alipore, 1.05 Cr,"9,090 / sq ft",1155,Ready to move,16 - 17 years old,2 Bathrooms,Resale 
304,2 BHK Apartment,Magnolia Prestige,New Town, 40 L,"4,634 / sq ft",863,Ready to move,7 - 8 years old,2 Bathrooms,Resale 
305,2 BHK Apartment,None,Rajarhat, 38 L,"4,726 / sq ft",804,Ready to move,None,2 Bathrooms,Resale 
306,3 BHK Apartment,None,Narendrapur, 27.5 L,"2,500 / sq ft",1100,Ready to move,None,3 Bathrooms,Resale 
307,2 BHK Apartment,None,Narendrapur, 37.62 L,"4,400 / sq ft",855,Ready to move,None,2 Bathrooms,Resale 
308,1 BHK Independent Floor,None,Tollygunge, 16 L,"5,333 / sq ft",300,Ready to move,None,1 Bathrooms,Resale 
309,1 BHK Independent Floor,None,Rajpur, 21 L,"2,800 / sq ft",750,Ready to move,None,1 Bathrooms,Resale 
310,2 BHK Apartment,None,Baguiati, 35 L,"3,626 / sq ft",965,Ready to move,None,2 Bathrooms,Resale 
311,2 BHK Independent House,Independent Independent House,Joka, 1.3 Cr,"8,125 / sq ft",1600,Ready to move,13 - 14 years old,2 Bathrooms,Resale 
312,3 BHK Apartment,None,New Town, 75 L,"7,894 / sq ft",950,Ready to move,None,3 Bathrooms,Resale 
313,2 BHK Apartment,Red Banani,New Town, 75 L,"7,653 / sq ft",980,Ready to move,4 - 5 years old,2 Bathrooms,Resale 
314,2 BHK Independent House,Independent Independent House,Joka, 65 L,"7,558 / sq ft",860,Ready to move,13 - 14 years old,2 Bathrooms,Resale 
315,2 BHK Apartment,None,Behala, 32 L,"4,210 / sq ft",760,Ready to move,None,2 Bathrooms,Resale 
316,2 BHK Apartment,None,Jadavpur, 28 L,"4,666 / sq ft",600,Ready to move,None,1 Bathrooms,Resale 
317,3 BHK Apartment,Siddharth Golf View Apartments,Jadavpur, 1.5 Cr,"8,488 / sq ft",1767,Ready to move,None,3 Bathrooms,Resale 
318,5 BHK Independent House,None,Baranagar, 2.5 Cr,"10,000 / sq ft",2500,Ready to move,None,5 Bathrooms,Resale 
319,5 BHK Independent House,None,Nimta, 2.5 Cr,"10,000 / sq ft",2500,Ready to move,7 - 8 years old,5 Bathrooms,Resale 
320,2 BHK Apartment,None,Rajarhat, 27 L,"2,842 / sq ft",950,Ready to move,None,2 Bathrooms,Resale 
321,2 BHK Apartment,None,Narendrapur, 28 L,"2,880 / sq ft",972,Ready to move,None,2 Bathrooms,Resale 
322,4 BHK Independent House,None,Ichlabad, 69 L,"4,911 / sq ft",1405,Ready to move,5 - 6 years old,2 Bathrooms,Resale 
323,2 BHK Apartment,None,Dhapa, 48 L,"5,647 / sq ft",850,Ready to move,None,2 Bathrooms,Resale 
324,2 BHK Apartment,Reputed Builder Purbachal Estate,Salt Lake City, 45 L,"5,625 / sq ft",800,Ready to move,4 - 5 years old,2 Bathrooms,Resale 
325,3 BHK Apartment,Symphony Serenity,Narendrapur, 70 L,"5,359 / sq ft",1306,Ready to move,3 - 4 years old,2 Bathrooms,Resale 
326,Residential Plot,West WBHB Dankuni,Dankuni, 90 L,"3,930 / sq ft",2290,Resale,19 - 20 years old,None,None
327,3 BHK Apartment,None,Rajarhat, 75 L,"5,952 / sq ft",1260,Ready to move,None,2 Bathrooms,Resale 
328,3 BHK Apartment,Reputed Builder Lila Apartment,Santoshpur, 1.05 Cr,"7,865 / sq ft",1335,Ready to move,11 - 12 years old,3 Bathrooms,Resale 
329,Residential Plot,West WBHB Dankuni,Dankuni, 90 L,"3,930 / sq ft",2290,Resale,19 - 20 years old,None,None
330,Residential Plot,West WBHB Dankuni,Dankuni, 90 L,"3,930 / sq ft",2290,Resale,19 - 20 years old,None,None
331,2 BHK Apartment,Merlin Gangotri,Konnagar, 40 L,"4,854 / sq ft",824,Ready to move,1 - 2 years old,2 Bathrooms,Resale 
332,2 BHK Apartment,None,Rajarhat, 32 L,"3,232 / sq ft",990,Ready to move,None,2 Bathrooms,Resale 
333,3 BHK Apartment,PS PS One 10,New Town, 1.32 Cr,"11,462 / sq ft",1159,Ready to move,None,2 Bathrooms,Resale 
334,2 BHK Independent House,None,Baruipur, 60 L,"6,000 / sq ft",1000,Ready to move,None,1 Bathrooms,Resale 
335,3 BHK Apartment,Magnolia Nakshatra Phase 2,Barasat, 37 L,"4,039 / sq ft",916,Ready to move,0 - 1 year old,2 Bathrooms,Resale 
336,3 BHK Apartment,Eden Serenity,Nayabad, 64 L,"5,079 / sq ft",1260,Ready to move,10 - 11 years old,3 Bathrooms,Resale 
337,3 BHK Apartment,None,New Town, 60 L,"5,084 / sq ft",1180,Ready to move,None,2 Bathrooms,Resale 
338,2 BHK Apartment,None,Patuli, 37 L,"5,692 / sq ft",650,Ready to move,None,1 Bathrooms,Resale 
339,3 BHK Apartment,None,Mominpore, 1.75 Cr,"9,971 / sq ft",1755,Ready to move,7 - 8 years old,3 Bathrooms,Resale 
